
{
  "patients": [
    {
      "id": 1,
      "username": "Sebastian",
      "age": "Eschweiler",
      "dob":"27/12/1965",
      "height":4,
      "weight":8,
      "phone":96203199049,
      "email": "sebastian@codingthesmartway.com",
      "address":"tikabali"
    },
    {
      "id": 2,
      "username": "Sebastian",
      "age": "Eschweiler",
      "dob":"27/12/1965",
      "height":4,
      "weight":8,
      "phone":96203199049,
      "email": "sebastian@codingthesmartway.com",
      "address":"tikabali"
    },
    {
      "id": 3,
      "username": "Sebastian",
      "age": "Eschweiler",
      "dob":"27/12/1965",
      "height":4,
      "weight":8,
      "phone":96203199049,
      "email": "sebastian@codingthesmartway.com",
      "address":"tikabali"
    }
  ]
}